date,month,monthName,dayOfYear,temp,feelslike,precip,cloudcover,solarenergy,uvindex,windspeed,sunrise,sunset,daylightHours,conditions,description,rainActive,cloudActive,lowDaylightActive,lowSolarActive,windActive,tempDiscomfortActive
2025-01-01,1,Jan,1,41.3,40.2,0.007,64.9,2.3,2,6.7,2025-01-01T07:57:44,2025-01-01T16:28:51,8.52,Partially cloudy,Partly cloudy throughout the day.,0,0,1,1,0,1
2025-01-02,1,Jan,2,42.2,41.1,0.019,84.6,1.3,1,7.2,2025-01-02T07:57:40,2025-01-02T16:29:51,8.54,"Rain, Partially cloudy",Partly cloudy throughout the day with afternoon rain.,0,1,1,1,0,1
2025-01-03,1,Jan,3,43.2,41.5,0.292,81.9,0.9,1,8.5,2025-01-03T07:57:34,2025-01-03T16:30:53,8.56,"Rain, Partially cloudy",Partly cloudy throughout the day with rain in the morning and afternoon.,1,1,1,1,0,1
2025-01-04,1,Jan,4,43.4,41.8,0.081,98.9,1.0,1,10.0,2025-01-04T07:57:24,2025-01-04T16:31:57,8.58,"Rain, Overcast",Cloudy skies throughout the day with rain.,1,1,1,1,1,1
2025-01-05,1,Jan,5,48.0,47.1,0.014,99.7,0.9,1,7.2,2025-01-05T07:57:12,2025-01-05T16:33:04,8.6,Overcast,Cloudy skies throughout the day.,0,1,1,1,0,0
2025-01-06,1,Jan,6,44.5,42.4,0.0,99.2,1.6,1,9.5,2025-01-06T07:56:57,2025-01-06T16:34:12,8.62,Overcast,Cloudy skies throughout the day.,0,1,1,1,0,1
2025-01-07,1,Jan,7,42.0,40.3,0.0,87.7,2.8,3,8.4,2025-01-07T07:56:40,2025-01-07T16:35:22,8.64,Partially cloudy,Partly cloudy throughout the day.,0,1,1,1,0,1
2025-01-08,1,Jan,8,45.9,44.3,0.028,84.8,3.7,4,8.2,2025-01-08T07:56:19,2025-01-08T16:36:34,8.67,"Rain, Partially cloudy",Partly cloudy throughout the day with early morning rain.,0,1,1,0,0,1
2025-01-09,1,Jan,9,45.3,44.3,0.0,69.0,5.3,3,8.2,2025-01-09T07:55:56,2025-01-09T16:37:47,8.7,Partially cloudy,Partly cloudy throughout the day.,0,0,1,0,0,1
2025-01-10,1,Jan,10,46.0,43.6,0.177,85.3,1.6,2,11.6,2025-01-10T07:55:29,2025-01-10T16:39:03,8.73,"Rain, Partially cloudy",Partly cloudy throughout the day with morning rain.,1,1,1,1,1,1
2025-01-11,1,Jan,11,42.3,40.5,0.0,56.7,4.3,3,7.2,2025-01-11T07:55:01,2025-01-11T16:40:19,8.76,Partially cloudy,Partly cloudy throughout the day.,0,0,1,0,0,1
2025-01-12,1,Jan,12,39.0,38.9,0.001,78.8,2.2,2,4.7,2025-01-12T07:54:29,2025-01-12T16:41:38,8.79,Partially cloudy,Partly cloudy throughout the day.,0,1,1,1,0,1
2025-01-13,1,Jan,13,37.3,35.8,0.0,79.0,2.7,2,7.0,2025-01-13T07:53:55,2025-01-13T16:42:57,8.82,Partially cloudy,Partly cloudy throughout the day.,0,1,1,1,0,1
2025-01-14,1,Jan,14,38.3,36.9,0.0,98.8,1.8,1,6.4,2025-01-14T07:53:18,2025-01-14T16:44:19,8.85,Overcast,Cloudy skies throughout the day.,0,1,1,1,0,1
2025-01-15,1,Jan,15,39.1,37.6,0.0,100.0,1.7,1,6.2,2025-01-15T07:52:38,2025-01-15T16:45:41,8.88,Overcast,Cloudy skies throughout the day.,0,1,1,1,0,1
2025-01-16,1,Jan,16,39.4,36.2,0.001,98.6,1.9,2,10.6,2025-01-16T07:51:56,2025-01-16T16:47:05,8.92,Overcast,Cloudy skies throughout the day.,0,1,1,1,1,1
2025-01-17,1,Jan,17,38.8,37.7,0.002,69.7,2.7,2,6.7,2025-01-17T07:51:11,2025-01-17T16:48:29,8.96,Partially cloudy,Partly cloudy throughout the day.,0,0,1,1,0,1
2025-01-18,1,Jan,18,35.6,34.5,0.0,38.2,6.8,4,6.5,2025-01-18T07:50:24,2025-01-18T16:49:55,8.99,Partially cloudy,Clearing in the afternoon.,0,0,1,0,0,1
2025-01-19,1,Jan,19,34.4,33.2,0.0,13.1,6.8,4,8.6,2025-01-19T07:49:34,2025-01-19T16:51:22,9.03,Clear,Clear conditions throughout the day.,0,0,1,0,0,1
2025-01-20,1,Jan,20,34.6,33.7,0.0,13.5,6.1,3,7.5,2025-01-20T07:48:42,2025-01-20T16:52:50,9.07,Clear,Clear conditions throughout the day.,0,0,1,0,0,1
2025-01-21,1,Jan,21,34.8,32.8,0.0,14.1,6.8,4,6.8,2025-01-21T07:47:48,2025-01-21T16:54:18,9.11,Clear,Clear conditions throughout the day.,0,0,1,0,0,1
2025-01-22,1,Jan,22,35.4,33.3,0.0,11.6,7.1,4,9.0,2025-01-22T07:46:51,2025-01-22T16:55:48,9.15,Clear,Clear conditions throughout the day.,0,0,1,0,0,1
2025-01-23,1,Jan,23,36.4,35.4,0.0,32.8,4.6,3,7.7,2025-01-23T07:45:52,2025-01-23T16:57:18,9.19,Partially cloudy,Partly cloudy throughout the day.,0,0,1,0,0,1
2025-01-24,1,Jan,24,39.5,37.6,0.0,45.9,6.9,4,7.8,2025-01-24T07:44:50,2025-01-24T16:58:49,9.23,Partially cloudy,Clearing in the afternoon.,0,0,1,0,0,1
2025-01-25,1,Jan,25,36.5,33.8,0.0,6.6,7.8,4,8.5,2025-01-25T07:43:47,2025-01-25T17:00:21,9.28,Clear,Clear conditions throughout the day.,0,0,1,0,0,1
2025-01-26,1,Jan,26,34.4,33.9,0.0,8.1,7.8,4,5.4,2025-01-26T07:42:41,2025-01-26T17:01:53,9.32,Clear,Clear conditions throughout the day.,0,0,1,0,0,1
2025-01-27,1,Jan,27,35.7,34.6,0.0,0.0,7.9,4,6.9,2025-01-27T07:41:33,2025-01-27T17:03:25,9.36,Clear,Clear conditions throughout the day.,0,0,1,0,0,1
2025-01-28,1,Jan,28,35.5,34.7,0.0,3.1,7.9,4,5.5,2025-01-28T07:40:23,2025-01-28T17:04:58,9.41,Clear,Clear conditions throughout the day.,0,0,1,0,0,1
2025-01-29,1,Jan,29,36.4,34.9,0.0,28.9,6.3,4,6.0,2025-01-29T07:39:10,2025-01-29T17:06:32,9.46,Partially cloudy,Clearing in the afternoon.,0,0,1,0,0,1
2025-01-30,1,Jan,30,38.1,33.7,0.061,79.7,2.0,1,11.9,2025-01-30T07:37:56,2025-01-30T17:08:06,9.5,"Rain, Partially cloudy",Partly cloudy throughout the day with late afternoon rain.,1,1,1,1,1,1
2025-01-31,1,Jan,31,45.1,41.5,0.432,90.6,2.2,2,17.5,2025-01-31T07:36:40,2025-01-31T17:09:40,9.55,"Rain, Overcast",Cloudy skies throughout the day with a chance of rain throughout the day.,1,1,0,1,1,1
2025-02-01,2,Feb,32,38.4,31.6,0.082,76.0,3.8,3,14.6,2025-02-01T07:35:22,2025-02-01T17:11:14,9.6,"Rain, Partially cloudy",Partly cloudy throughout the day with rain in the morning and afternoon.,1,1,0,0,1,1
2025-02-02,2,Feb,33,34.2,27.8,0.037,81.7,4.0,4,12.1,2025-02-02T07:34:02,2025-02-02T17:12:49,9.65,"Snow, Rain, Partially cloudy",Partly cloudy throughout the day with late afternoon rain or snow.,0,1,0,0,1,1
2025-02-03,2,Feb,34,35.0,31.0,0.017,94.1,2.9,2,8.5,2025-02-03T07:32:40,2025-02-03T17:14:24,9.7,Overcast,Cloudy skies throughout the day.,0,1,0,1,0,1
2025-02-04,2,Feb,35,35.8,32.9,0.0,73.7,8.4,5,7.3,2025-02-04T07:31:17,2025-02-04T17:15:58,9.74,Partially cloudy,Partly cloudy throughout the day.,0,0,0,0,0,1
2025-02-05,2,Feb,36,34.9,31.8,0.063,97.3,3.1,2,10.0,2025-02-05T07:29:52,2025-02-05T17:17:33,9.79,"Snow, Rain, Overcast",Cloudy skies throughout the day with rain or snow.,1,1,0,0,1,1
2025-02-06,2,Feb,37,35.7,31.3,0.108,91.1,7.0,6,12.5,2025-02-06T07:28:25,2025-02-06T17:19:09,9.85,"Snow, Rain, Overcast",Cloudy skies throughout the day with early morning snow or rain.,1,1,0,0,1,1
2025-02-07,2,Feb,38,34.9,30.8,0.0,52.9,7.0,5,8.2,2025-02-07T07:26:56,2025-02-07T17:20:44,9.9,Partially cloudy,Partly cloudy throughout the day.,0,0,0,0,0,1
2025-02-08,2,Feb,39,37.3,36.6,0.011,99.0,4.0,3,4.9,2025-02-08T07:25:26,2025-02-08T17:22:19,9.95,Overcast,Cloudy skies throughout the day.,0,1,0,0,0,1
2025-02-09,2,Feb,40,38.2,36.4,0.0,90.4,6.8,3,5.6,2025-02-09T07:23:54,2025-02-09T17:23:54,10.0,Overcast,Cloudy skies throughout the day.,0,1,0,0,0,1
2025-02-10,2,Feb,41,34.5,31.2,0.0,77.9,6.1,3,10.6,2025-02-10T07:22:21,2025-02-10T17:25:29,10.05,Partially cloudy,Partly cloudy throughout the day.,0,1,0,0,1,1
2025-02-11,2,Feb,42,30.6,28.0,0.0,2.0,10.5,5,8.1,2025-02-11T07:20:46,2025-02-11T17:27:03,10.1,Clear,Clear conditions throughout the day.,0,0,0,0,0,1
2025-02-12,2,Feb,43,32.2,29.7,0.0,3.8,10.7,5,10.4,2025-02-12T07:19:10,2025-02-12T17:28:38,10.16,Clear,Clear conditions throughout the day.,0,0,0,0,1,1
2025-02-13,2,Feb,44,33.3,30.0,0.0,56.3,4.1,2,13.0,2025-02-13T07:17:33,2025-02-13T17:30:13,10.21,Partially cloudy,Partly cloudy throughout the day.,0,0,0,0,1,1
2025-02-14,2,Feb,45,37.0,33.2,0.018,98.4,4.0,3,8.5,2025-02-14T07:15:54,2025-02-14T17:31:47,10.26,"Snow, Rain, Overcast",Cloudy skies throughout the day with late afternoon rain or snow.,0,1,0,0,0,1
2025-02-15,2,Feb,46,40.6,39.4,0.028,98.9,2.6,1,5.1,2025-02-15T07:14:14,2025-02-15T17:33:21,10.32,"Rain, Overcast",Cloudy skies throughout the day with late afternoon rain.,0,1,0,1,0,1
2025-02-16,2,Feb,47,44.2,41.1,0.077,99.6,3.9,2,9.3,2025-02-16T07:12:32,2025-02-16T17:34:55,10.37,"Rain, Overcast",Cloudy skies throughout the day with rain.,1,1,0,0,0,1
2025-02-17,2,Feb,48,45.5,43.1,0.091,100.0,3.0,2,7.1,2025-02-17T07:10:50,2025-02-17T17:36:29,10.43,"Rain, Overcast",Cloudy skies throughout the day with rain.,1,1,0,1,0,1
2025-02-18,2,Feb,49,48.2,47.1,0.0,96.3,5.5,4,6.0,2025-02-18T07:09:06,2025-02-18T17:38:03,10.48,Overcast,Cloudy skies throughout the day.,0,1,0,0,0,0
2025-02-19,2,Feb,50,48.6,45.0,0.086,86.0,4.1,3,19.1,2025-02-19T07:07:21,2025-02-19T17:39:36,10.54,"Rain, Partially cloudy",Partly cloudy throughout the day with early morning rain.,1,1,0,0,1,1
2025-02-20,2,Feb,51,46.6,43.1,0.005,90.1,3.9,2,17.4,2025-02-20T07:05:35,2025-02-20T17:41:09,10.59,Overcast,Cloudy skies throughout the day.,0,1,0,0,1,1
2025-02-21,2,Feb,52,46.3,45.2,0.128,81.5,2.9,2,9.0,2025-02-21T07:03:48,2025-02-21T17:42:42,10.65,"Rain, Partially cloudy",Partly cloudy throughout the day with rain.,1,1,0,1,0,0
2025-02-22,2,Feb,53,50.2,49.6,0.342,98.3,1.8,1,9.2,2025-02-22T07:02:00,2025-02-22T17:44:15,10.7,"Rain, Overcast",Cloudy skies throughout the day with rain.,1,1,0,1,0,0
2025-02-23,2,Feb,54,50.2,49.2,0.276,95.7,1.9,1,16.5,2025-02-23T07:00:11,2025-02-23T17:45:47,10.76,"Rain, Overcast",Cloudy skies throughout the day with rain.,1,1,0,1,1,0
2025-02-24,2,Feb,55,47.9,46.3,0.256,78.4,2.4,2,19.1,2025-02-24T06:58:21,2025-02-24T17:47:19,10.82,"Rain, Partially cloudy",Partly cloudy throughout the day with rain.,1,1,0,1,1,0
2025-02-25,2,Feb,56,47.4,41.9,0.275,80.5,4.2,3,27.7,2025-02-25T06:56:30,2025-02-25T17:48:51,10.87,"Rain, Partially cloudy",Partly cloudy throughout the day with rain clearing later.,1,1,0,0,1,1
2025-02-26,2,Feb,57,46.7,45.9,0.0,19.5,9.5,6,7.5,2025-02-26T06:54:38,2025-02-26T17:50:22,10.93,Clear,Clear conditions throughout the day.,0,0,0,0,0,0
2025-02-27,2,Feb,58,51.4,50.5,0.0,19.9,12.9,6,8.9,2025-02-27T06:52:46,2025-02-27T17:51:54,10.99,Clear,Clear conditions throughout the day.,0,0,0,0,0,0
2025-02-28,2,Feb,59,48.8,48.6,0.0,15.8,13.2,6,8.6,2025-02-28T06:50:52,2025-02-28T17:53:25,11.04,Clear,Clear conditions throughout the day.,0,0,0,0,0,0
2025-03-01,3,Mar,60,49.1,48.7,0.0,43.5,11.1,6,8.6,2025-03-01T06:48:58,2025-03-01T17:54:55,11.1,Partially cloudy,Partly cloudy throughout the day.,0,0,0,0,0,0
2025-03-02,3,Mar,61,48.7,47.6,0.0,92.8,4.4,2,8.6,2025-03-02T06:47:04,2025-03-02T17:56:26,11.16,Overcast,Cloudy skies throughout the day.,0,1,0,0,0,0
2025-03-03,3,Mar,62,48.7,47.2,0.004,98.7,5.3,3,8.5,2025-03-03T06:45:08,2025-03-03T17:57:56,11.21,Overcast,Cloudy skies throughout the day.,0,1,0,0,0,0
2025-03-04,3,Mar,63,46.0,44.0,0.149,83.8,4.2,3,14.5,2025-03-04T06:43:12,2025-03-04T17:59:25,11.27,"Rain, Partially cloudy",Partly cloudy throughout the day with rain.,1,1,0,0,1,1
2025-03-05,3,Mar,64,45.9,43.9,0.0,28.1,14.4,7,9.9,2025-03-05T06:41:16,2025-03-05T18:00:55,11.33,Partially cloudy,Partly cloudy throughout the day.,0,0,0,0,0,1
2025-03-06,3,Mar,65,45.8,44.7,0.0,53.6,11.2,7,6.7,2025-03-06T06:39:18,2025-03-06T18:02:24,11.38,Partially cloudy,Partly cloudy throughout the day.,0,0,0,0,0,1
2025-03-07,3,Mar,66,44.5,41.3,0.0,71.3,9.3,5,12.4,2025-03-07T06:37:21,2025-03-07T18:03:53,11.44,Partially cloudy,Partly cloudy throughout the day.,0,0,0,0,1,1
2025-03-08,3,Mar,67,50.2,49.0,0.005,96.1,3.2,2,12.8,2025-03-08T06:35:22,2025-03-08T18:05:22,11.5,Overcast,Cloudy skies throughout the day.,0,1,0,0,1,0
2025-03-09,3,Mar,68,48.1,45.7,0.304,85.6,4.9,2,16.5,2025-03-09T07:33:24,2025-03-09T19:06:50,11.56,"Rain, Partially cloudy",Partly cloudy throughout the day with rain.,1,1,0,0,1,0
2025-03-10,3,Mar,69,42.5,39.4,0.004,96.1,5.3,2,8.2,2025-03-10T07:31:25,2025-03-10T19:08:19,11.62,Overcast,Cloudy skies throughout the day.,0,1,0,0,0,1
2025-03-11,3,Mar,70,44.9,42.3,0.0,93.3,7.0,3,8.7,2025-03-11T07:29:25,2025-03-11T19:09:47,11.67,Overcast,Cloudy skies throughout the day.,0,1,0,0,0,1
2025-03-12,3,Mar,71,46.9,45.2,0.205,93.3,5.4,3,8.7,2025-03-12T07:27:25,2025-03-12T19:11:14,11.73,"Rain, Overcast",Cloudy skies throughout the day with rain.,1,1,0,0,0,0
2025-03-13,3,Mar,72,42.1,37.0,0.252,85.6,12.4,7,18.2,2025-03-13T07:25:25,2025-03-13T19:12:42,11.79,"Rain, Partially cloudy",Partly cloudy throughout the day with a chance of rain throughout the day.,1,1,0,0,1,1
2025-03-14,3,Mar,73,42.5,40.8,0.003,79.0,9.0,6,7.2,2025-03-14T07:23:24,2025-03-14T19:14:09,11.85,Partially cloudy,Partly cloudy throughout the day.,0,1,0,0,0,1
2025-03-15,3,Mar,74,44.3,39.3,0.602,97.7,8.4,8,17.7,2025-03-15T07:21:24,2025-03-15T19:15:36,11.9,"Rain, Overcast",Cloudy skies throughout the day with a chance of rain throughout the day.,1,1,0,0,1,1
2025-03-16,3,Mar,75,44.0,41.3,0.036,79.6,10.5,7,14.3,2025-03-16T07:19:23,2025-03-16T19:17:03,11.96,"Rain, Partially cloudy",Partly cloudy throughout the day with early morning rain.,0,1,0,0,1,1
2025-03-17,3,Mar,76,42.7,39.7,0.142,83.7,7.8,7,12.4,2025-03-17T07:17:22,2025-03-17T19:18:30,12.02,"Rain, Partially cloudy",Partly cloudy throughout the day with late afternoon rain.,1,1,0,0,1,1
2025-03-18,3,Mar,77,42.5,39.0,0.201,70.1,11.7,5,10.2,2025-03-18T07:15:20,2025-03-18T19:19:57,12.08,"Rain, Partially cloudy",Partly cloudy throughout the day with early morning rain.,1,0,0,0,1,1
2025-03-19,3,Mar,78,49.1,47.4,0.0,89.7,5.9,3,19.6,2025-03-19T07:13:19,2025-03-19T19:21:23,12.13,Partially cloudy,Partly cloudy throughout the day.,0,1,0,0,1,0
2025-03-20,3,Mar,79,45.9,40.5,0.222,95.1,4.6,2,15.3,2025-03-20T07:11:17,2025-03-20T19:22:50,12.19,"Rain, Overcast",Cloudy skies throughout the day with rain.,1,1,0,0,1,1
2025-03-21,3,Mar,80,47.9,43.9,0.189,92.4,10.4,7,16.2,2025-03-21T07:09:15,2025-03-21T19:24:16,12.25,"Rain, Overcast",Cloudy skies throughout the day with rain.,1,1,0,0,1,1
2025-03-22,3,Mar,81,46.7,44.7,0.0,88.1,12.2,6,8.5,2025-03-22T07:07:14,2025-03-22T19:25:42,12.31,Partially cloudy,Partly cloudy throughout the day.,0,1,0,0,0,1
2025-03-23,3,Mar,82,49.7,48.2,0.172,99.7,3.4,2,16.7,2025-03-23T07:05:12,2025-03-23T19:27:08,12.37,"Rain, Overcast",Cloudy skies throughout the day with rain.,1,1,0,0,1,0
2025-03-24,3,Mar,83,54.9,54.9,0.053,94.1,3.6,2,14.8,2025-03-24T07:03:10,2025-03-24T19:28:34,12.42,"Rain, Overcast",Cloudy skies throughout the day with rain in the morning and afternoon.,1,1,0,0,1,0
2025-03-25,3,Mar,84,58.6,58.6,0.0,57.3,17.2,7,8.4,2025-03-25T07:01:08,2025-03-25T19:29:59,12.48,Partially cloudy,Clearing in the afternoon.,0,0,0,0,0,0
2025-03-26,3,Mar,85,55.3,55.3,0.339,69.1,10.1,6,12.0,2025-03-26T06:59:07,2025-03-26T19:31:25,12.54,"Rain, Partially cloudy",Partly cloudy throughout the day with late afternoon rain.,1,0,0,0,1,0
2025-03-27,3,Mar,86,53.6,53.6,0.096,90.7,8.6,7,11.0,2025-03-27T06:57:05,2025-03-27T19:32:50,12.6,"Rain, Overcast",Cloudy skies throughout the day with early morning rain.,1,1,0,0,1,0
2025-03-28,3,Mar,87,49.9,48.8,0.234,88.2,9.6,4,11.2,2025-03-28T06:55:04,2025-03-28T19:34:16,12.65,"Rain, Partially cloudy",Partly cloudy throughout the day with a chance of rain throughout the day.,1,1,0,0,1,0
2025-03-29,3,Mar,88,48.2,46.6,0.0,68.2,10.9,6,11.9,2025-03-29T06:53:03,2025-03-29T19:35:41,12.71,Partially cloudy,Partly cloudy throughout the day.,0,0,0,0,1,0
2025-03-30,3,Mar,89,52.1,51.1,0.018,47.1,15.2,7,17.7,2025-03-30T06:51:02,2025-03-30T19:37:07,12.77,"Rain, Partially cloudy",Partly cloudy throughout the day with late afternoon rain.,0,0,0,0,1,0
2025-03-31,3,Mar,90,48.1,46.1,0.042,77.9,13.0,5,10.6,2025-03-31T06:49:01,2025-03-31T19:38:32,12.83,"Rain, Partially cloudy",Partly cloudy throughout the day with rain.,0,1,0,0,1,0
2025-04-01,4,Apr,91,47.1,45.3,0.039,98.7,11.6,7,7.5,2025-04-01T06:47:00,2025-04-01T19:39:57,12.88,"Rain, Overcast",Cloudy skies throughout the day with morning rain.,0,1,0,0,0,0
2025-04-02,4,Apr,92,47.0,44.7,0.138,94.6,12.0,7,9.5,2025-04-02T06:45:00,2025-04-02T19:41:22,12.94,"Rain, Overcast",Cloudy skies throughout the day with early morning rain.,1,1,0,0,0,1
2025-04-03,4,Apr,93,48.5,48.2,0.0,64.5,17.8,8,7.1,2025-04-03T06:43:00,2025-04-03T19:42:47,13.0,Partially cloudy,Partly cloudy throughout the day.,0,0,0,0,0,0
2025-04-04,4,Apr,94,51.2,50.8,0.0,13.0,19.7,7,8.1,2025-04-04T06:41:01,2025-04-04T19:44:12,13.05,Clear,Clear conditions throughout the day.,0,0,0,0,0,0
2025-04-05,4,Apr,95,56.6,56.6,0.0,19.4,17.0,8,8.0,2025-04-05T06:39:02,2025-04-05T19:45:37,13.11,Clear,Clear conditions throughout the day.,0,0,0,0,0,0
2025-04-06,4,Apr,96,53.8,53.6,0.243,99.3,4.1,2,8.0,2025-04-06T06:37:03,2025-04-06T19:47:03,13.17,"Rain, Overcast",Cloudy skies throughout the day with rain.,1,1,0,0,0,0
2025-04-07,4,Apr,97,50.8,49.6,0.381,94.2,6.9,4,13.5,2025-04-07T06:35:05,2025-04-07T19:48:28,13.22,"Rain, Overcast",Cloudy skies throughout the day with a chance of rain throughout the day.,1,1,0,0,1,0
2025-04-08,4,Apr,98,48.6,45.7,0.42,90.0,10.2,10,20.0,2025-04-08T06:33:07,2025-04-08T19:49:53,13.28,"Rain, Partially cloudy",Partly cloudy throughout the day with a chance of rain throughout the day.,1,1,0,0,1,0
2025-04-09,4,Apr,99,51.6,50.1,0.0,40.9,14.3,9,11.2,2025-04-09T06:31:09,2025-04-09T19:51:18,13.34,Partially cloudy,Partly cloudy throughout the day.,0,0,0,0,1,0
2025-04-10,4,Apr,100,52.8,52.7,0.171,61.9,12.9,6,13.5,2025-04-10T06:29:13,2025-04-10T19:52:43,13.39,"Rain, Partially cloudy",Partly cloudy throughout the day with rain.,1,0,0,0,1,0
2025-04-11,4,Apr,101,49.1,47.6,0.0,76.2,16.6,9,8.2,2025-04-11T06:27:17,2025-04-11T19:54:07,13.45,Partially cloudy,Partly cloudy throughout the day.,0,1,0,0,0,0
2025-04-12,4,Apr,102,48.5,47.5,0.018,76.2,15.2,10,8.9,2025-04-12T06:25:21,2025-04-12T19:55:32,13.5,"Rain, Partially cloudy",Partly cloudy throughout the day with early morning rain.,0,1,0,0,0,0
2025-04-13,4,Apr,103,49.9,49.7,0.0,12.2,22.4,8,11.1,2025-04-13T06:23:26,2025-04-13T19:56:57,13.56,Clear,Clear conditions throughout the day.,0,0,0,0,1,0
2025-04-14,4,Apr,104,54.6,53.6,0.0,12.9,22.9,8,13.1,2025-04-14T06:21:32,2025-04-14T19:58:22,13.61,Clear,Clear conditions throughout the day.,0,0,0,0,1,0
2025-04-15,4,Apr,105,56.1,56.1,0.0,15.1,21.9,8,10.6,2025-04-15T06:19:38,2025-04-15T19:59:47,13.67,Clear,Clear conditions throughout the day.,0,0,0,0,1,0
2025-04-16,4,Apr,106,54.4,54.3,0.0,27.5,23.1,8,13.8,2025-04-16T06:17:45,2025-04-16T20:01:12,13.72,Partially cloudy,Partly cloudy throughout the day.,0,0,0,0,1,0
2025-04-17,4,Apr,107,54.7,54.6,0.0,2.0,24.0,8,11.6,2025-04-17T06:15:53,2025-04-17T20:02:37,13.78,Clear,Clear conditions throughout the day.,0,0,0,0,1,0
2025-04-18,4,Apr,108,57.4,57.2,0.0,14.2,23.9,8,6.7,2025-04-18T06:14:02,2025-04-18T20:04:02,13.83,Clear,Clear conditions throughout the day.,0,0,0,0,0,0
2025-04-19,4,Apr,109,53.9,53.8,0.036,91.3,10.4,9,11.8,2025-04-19T06:12:12,2025-04-19T20:05:26,13.89,"Rain, Overcast",Cloudy skies throughout the day with rain in the morning and afternoon.,0,1,0,0,1,0
2025-04-20,4,Apr,110,50.3,48.3,0.507,98.5,9.5,6,10.6,2025-04-20T06:10:22,2025-04-20T20:06:51,13.94,"Rain, Overcast",Cloudy skies throughout the day with rain.,1,1,0,0,1,0
2025-04-21,4,Apr,111,50.2,48.6,0.13,89.5,16.9,9,10.2,2025-04-21T06:08:34,2025-04-21T20:08:16,14.0,"Rain, Partially cloudy",Partly cloudy throughout the day with early morning rain.,1,1,0,0,1,0
2025-04-22,4,Apr,112,51.0,50.8,0.0,15.0,24.5,9,12.0,2025-04-22T06:06:46,2025-04-22T20:09:40,14.05,Clear,Clear conditions throughout the day.,0,0,0,0,1,0
2025-04-23,4,Apr,113,53.4,53.4,0.0,2.1,23.9,8,9.9,2025-04-23T06:05:00,2025-04-23T20:11:05,14.1,Clear,Clear conditions throughout the day.,0,0,0,0,0,0
2025-04-24,4,Apr,114,57.7,57.7,0.0,4.8,23.8,8,10.0,2025-04-24T06:03:14,2025-04-24T20:12:29,14.15,Clear,Clear conditions throughout the day.,0,0,0,0,1,0
2025-04-25,4,Apr,115,60.0,60.0,0.0,15.1,22.8,8,13.9,2025-04-25T06:01:30,2025-04-25T20:13:53,14.21,Clear,Clear conditions throughout the day.,0,0,0,0,1,0
2025-04-26,4,Apr,116,55.5,55.1,0.0,39.0,18.8,9,10.2,2025-04-26T05:59:46,2025-04-26T20:15:17,14.26,Partially cloudy,Partly cloudy throughout the day.,0,0,0,0,1,0
2025-04-27,4,Apr,117,51.3,49.7,0.0,81.5,12.6,6,9.8,2025-04-27T05:58:04,2025-04-27T20:16:41,14.31,Partially cloudy,Partly cloudy throughout the day.,0,1,0,0,0,0
2025-04-28,4,Apr,118,51.8,50.8,0.008,98.3,8.2,3,10.3,2025-04-28T05:56:23,2025-04-28T20:18:05,14.36,Overcast,Cloudy skies throughout the day.,0,1,0,0,1,0
2025-04-29,4,Apr,119,52.3,51.9,0.042,97.2,6.1,3,9.3,2025-04-29T05:54:43,2025-04-29T20:19:28,14.41,"Rain, Overcast",Cloudy skies throughout the day with early morning rain.,0,1,0,0,0,0
2025-04-30,4,Apr,120,52.5,52.4,0.0,59.3,19.3,9,7.4,2025-04-30T05:53:04,2025-04-30T20:20:51,14.46,Partially cloudy,Partly cloudy throughout the day.,0,0,0,0,0,0
2025-05-01,5,May,121,58.8,58.8,0.0,0.0,25.5,9,6.7,2025-05-01T05:51:27,2025-05-01T20:22:14,14.51,Clear,Clear conditions throughout the day.,0,0,0,0,0,0
2025-05-02,5,May,122,59.6,59.6,0.0,30.4,23.6,10,11.5,2025-05-02T05:49:51,2025-05-02T20:23:37,14.56,Partially cloudy,Partly cloudy throughout the day.,0,0,0,0,1,0
2025-05-03,5,May,123,51.2,50.9,0.064,92.0,12.6,6,9.9,2025-05-03T05:48:16,2025-05-03T20:25:00,14.61,"Rain, Overcast",Cloudy skies throughout the day with rain.,1,1,0,0,0,0
2025-05-04,5,May,124,51.9,51.9,0.0,32.9,25.3,9,9.9,2025-05-04T05:46:43,2025-05-04T20:26:22,14.66,Partially cloudy,Partly cloudy throughout the day.,0,0,0,0,0,0
2025-05-05,5,May,125,56.6,56.6,0.0,5.6,26.0,9,9.6,2025-05-05T05:45:11,2025-05-05T20:27:44,14.71,Clear,Clear conditions throughout the day.,0,0,0,0,0,0
2025-05-06,5,May,126,63.2,63.2,0.0,14.0,22.6,8,7.3,2025-05-06T05:43:41,2025-05-06T20:29:05,14.76,Clear,Clear conditions throughout the day.,0,0,0,0,0,0
2025-05-07,5,May,127,58.7,58.7,0.0,64.4,13.7,7,12.3,2025-05-07T05:42:12,2025-05-07T20:30:26,14.8,Partially cloudy,Partly cloudy throughout the day.,0,0,0,0,1,0
2025-05-08,5,May,128,53.7,52.9,0.0,27.2,25.7,9,13.2,2025-05-08T05:40:45,2025-05-08T20:31:46,14.85,Partially cloudy,Partly cloudy throughout the day.,0,0,0,0,1,0
2025-05-09,5,May,129,57.7,57.7,0.0,26.5,25.3,9,8.7,2025-05-09T05:39:20,2025-05-09T20:33:06,14.9,Partially cloudy,Partly cloudy throughout the day.,0,0,0,0,0,0
2025-05-10,5,May,130,57.0,57.0,0.0,47.9,15.0,7,10.9,2025-05-10T05:37:56,2025-05-10T20:34:26,14.94,Partially cloudy,Becoming cloudy in the afternoon.,0,0,0,0,1,0
2025-05-11,5,May,131,55.0,55.0,0.004,83.9,18.2,7,11.5,2025-05-11T05:36:34,2025-05-11T20:35:44,14.99,Partially cloudy,Partly cloudy throughout the day.,0,1,0,0,1,0
2025-05-12,5,May,132,55.8,55.8,0.0,46.0,24.4,9,12.7,2025-05-12T05:35:13,2025-05-12T20:37:03,15.03,Partially cloudy,Partly cloudy throughout the day.,0,0,0,0,1,0
2025-05-13,5,May,133,55.0,55.0,0.0,90.4,15.3,6,10.5,2025-05-13T05:33:54,2025-05-13T20:38:20,15.07,Overcast,Cloudy skies throughout the day.,0,1,0,0,1,0
2025-05-14,5,May,134,54.1,53.8,0.017,98.2,8.9,5,10.7,2025-05-14T05:32:37,2025-05-14T20:39:37,15.12,Overcast,Cloudy skies throughout the day.,0,1,0,0,1,0
2025-05-15,5,May,135,51.2,50.3,0.06,82.0,11.6,4,10.9,2025-05-15T05:31:22,2025-05-15T20:40:53,15.16,"Rain, Partially cloudy",Partly cloudy throughout the day with late afternoon rain.,1,1,0,0,1,0
2025-05-16,5,May,136,53.7,52.8,0.0,98.6,9.6,4,8.1,2025-05-16T05:30:09,2025-05-16T20:42:08,15.2,Overcast,Cloudy skies throughout the day.,0,1,0,0,0,0
2025-05-17,5,May,137,54.1,54.1,0.378,98.7,7.6,4,11.3,2025-05-17T05:28:58,2025-05-17T20:43:23,15.24,"Rain, Overcast",Cloudy skies throughout the day with a chance of rain throughout the day.,1,1,0,0,1,0
2025-05-18,5,May,138,53.9,53.0,0.0,75.1,21.1,7,9.5,2025-05-18T05:27:49,2025-05-18T20:44:36,15.28,Partially cloudy,Partly cloudy throughout the day.,0,1,0,0,0,0
2025-05-19,5,May,139,54.0,53.6,0.16,73.2,20.8,10,15.8,2025-05-19T05:26:42,2025-05-19T20:45:49,15.32,"Rain, Partially cloudy",Partly cloudy throughout the day with morning rain.,1,0,0,0,1,0
2025-05-20,5,May,140,54.2,53.5,0.0,84.7,14.6,7,15.4,2025-05-20T05:25:36,2025-05-20T20:47:00,15.36,Partially cloudy,Partly cloudy throughout the day.,0,1,0,0,1,0
2025-05-21,5,May,141,55.2,55.2,0.0,66.4,21.0,8,10.3,2025-05-21T05:24:33,2025-05-21T20:48:11,15.39,Partially cloudy,Partly cloudy throughout the day.,0,0,0,0,1,0
2025-05-22,5,May,142,58.1,58.1,0.025,49.6,27.0,9,8.1,2025-05-22T05:23:32,2025-05-22T20:49:20,15.43,"Rain, Partially cloudy",Clearing in the afternoon with early morning rain.,0,0,0,0,0,0
2025-05-23,5,May,143,57.2,57.2,0.0,55.9,24.9,9,8.4,2025-05-23T05:22:34,2025-05-23T20:50:28,15.46,Partially cloudy,Partly cloudy throughout the day.,0,0,0,0,0,0
2025-05-24,5,May,144,61.1,61.1,0.0,13.5,27.3,9,8.2,2025-05-24T05:21:37,2025-05-24T20:51:35,15.5,Clear,Clear conditions throughout the day.,0,0,0,0,0,0
2025-05-25,5,May,145,60.4,60.4,0.0,45.4,22.2,10,11.4,2025-05-25T05:20:43,2025-05-25T20:52:41,15.53,Partially cloudy,Becoming cloudy in the afternoon.,0,0,0,0,1,0
2025-05-26,5,May,146,59.6,59.6,0.031,74.2,20.3,10,12.0,2025-05-26T05:19:51,2025-05-26T20:53:45,15.56,"Rain, Partially cloudy",Partly cloudy throughout the day with morning rain.,0,0,0,0,1,0
2025-05-27,5,May,147,61.4,61.4,0.0,9.6,27.3,9,11.5,2025-05-27T05:19:01,2025-05-27T20:54:48,15.6,Clear,Clear conditions throughout the day.,0,0,0,0,1,0
2025-05-28,5,May,148,68.3,68.2,0.0,10.4,27.6,9,12.8,2025-05-28T05:18:13,2025-05-28T20:55:50,15.63,Clear,Clear conditions throughout the day.,0,0,0,0,1,0
2025-05-29,5,May,149,60.4,60.4,0.06,62.6,17.0,8,12.2,2025-05-29T05:17:28,2025-05-29T20:56:50,15.66,"Rain, Partially cloudy",Partly cloudy throughout the day with morning rain.,1,0,0,0,1,0
2025-05-30,5,May,150,62.8,62.8,0.0,13.9,26.0,9,8.3,2025-05-30T05:16:45,2025-05-30T20:57:49,15.68,Clear,Clear conditions throughout the day.,0,0,0,0,0,0
2025-05-31,5,May,151,58.6,58.6,0.069,64.1,8.5,4,9.9,2025-05-31T05:16:05,2025-05-31T20:58:45,15.71,"Rain, Partially cloudy",Partly cloudy throughout the day with afternoon rain.,1,0,0,0,0,0
2025-06-01,6,Jun,152,58.3,58.3,0.0,39.0,27.3,9,10.1,2025-06-01T05:15:27,2025-06-01T20:59:41,15.74,Partially cloudy,Partly cloudy throughout the day.,0,0,0,0,1,0
2025-06-02,6,Jun,153,59.9,59.9,0.0,9.2,27.3,9,9.1,2025-06-02T05:14:51,2025-06-02T21:00:34,15.76,Clear,Clear conditions throughout the day.,0,0,0,0,0,0
2025-06-03,6,Jun,154,62.9,62.9,0.0,21.1,28.3,9,7.1,2025-06-03T05:14:18,2025-06-03T21:01:26,15.79,Partially cloudy,Partly cloudy throughout the day.,0,0,0,0,0,0
2025-06-04,6,Jun,155,61.5,61.5,0.0,72.5,19.1,10,9.3,2025-06-04T05:13:48,2025-06-04T21:02:16,15.81,Partially cloudy,Partly cloudy throughout the day.,0,0,0,0,0,0
2025-06-05,6,Jun,156,64.1,64.1,0.0,18.4,27.8,9,10.7,2025-06-05T05:13:20,2025-06-05T21:03:04,15.83,Clear,Clear conditions throughout the day.,0,0,0,0,1,0
2025-06-06,6,Jun,157,68.9,68.9,0.0,18.1,26.3,9,9.2,2025-06-06T05:12:55,2025-06-06T21:03:50,15.85,Clear,Clear conditions throughout the day.,0,0,0,0,0,0
2025-06-07,6,Jun,158,68.8,68.8,0.0,9.3,28.0,9,14.0,2025-06-07T05:12:32,2025-06-07T21:04:34,15.87,Clear,Clear conditions throughout the day.,0,0,0,0,1,0
2025-06-08,6,Jun,159,74.7,74.2,0.0,1.7,28.4,9,10.6,2025-06-08T05:12:11,2025-06-08T21:05:16,15.88,Clear,Clear conditions throughout the day.,0,0,0,0,1,0
2025-06-09,6,Jun,160,74.0,73.6,0.0,0.0,28.6,9,9.2,2025-06-09T05:11:53,2025-06-09T21:05:56,15.9,Clear,Clear conditions throughout the day.,0,0,0,0,0,0
2025-06-10,6,Jun,161,69.1,69.0,0.0,8.1,28.2,9,7.1,2025-06-10T05:11:38,2025-06-10T21:06:33,15.92,Clear,Clear conditions throughout the day.,0,0,0,0,0,0
2025-06-11,6,Jun,162,60.4,60.4,0.0,36.9,22.6,9,11.5,2025-06-11T05:11:26,2025-06-11T21:07:09,15.93,Partially cloudy,Partly cloudy throughout the day.,0,0,0,0,1,0
2025-06-12,6,Jun,163,57.1,57.1,0.0,83.2,13.9,6,9.8,2025-06-12T05:11:16,2025-06-12T21:07:42,15.94,Partially cloudy,Partly cloudy throughout the day.,0,1,0,0,0,0
2025-06-13,6,Jun,164,56.5,56.5,0.0,98.5,13.6,8,8.9,2025-06-13T05:11:08,2025-06-13T21:08:13,15.95,Overcast,Cloudy skies throughout the day.,0,1,0,0,0,0
2025-06-14,6,Jun,165,58.6,58.6,0.0,83.6,22.3,10,7.8,2025-06-14T05:11:03,2025-06-14T21:08:42,15.96,Partially cloudy,Partly cloudy throughout the day.,0,1,0,0,0,0
2025-06-15,6,Jun,166,60.7,60.7,0.0,31.4,28.2,9,9.5,2025-06-15T05:11:01,2025-06-15T21:09:08,15.97,Partially cloudy,Clearing in the afternoon.,0,0,0,0,0,0
2025-06-16,6,Jun,167,62.3,62.3,0.0,27.0,24.3,10,7.8,2025-06-16T05:11:01,2025-06-16T21:09:33,15.98,Partially cloudy,Becoming cloudy in the afternoon.,0,0,0,0,0,0
2025-06-17,6,Jun,168,63.4,63.4,0.0,35.8,27.9,9,10.0,2025-06-17T05:11:04,2025-06-17T21:09:54,15.98,Partially cloudy,Clearing in the afternoon.,0,0,0,0,1,0
2025-06-18,6,Jun,169,63.7,63.7,0.0,79.9,23.5,9,16.7,2025-06-18T05:11:09,2025-06-18T21:10:13,15.98,Partially cloudy,Partly cloudy throughout the day.,0,1,0,0,1,0
2025-06-19,6,Jun,170,61.3,61.3,0.0,34.5,25.0,9,10.3,2025-06-19T05:11:17,2025-06-19T21:10:30,15.99,Partially cloudy,Partly cloudy throughout the day.,0,0,0,0,1,0
2025-06-20,6,Jun,171,57.7,57.7,0.0,88.9,21.1,10,12.6,2025-06-20T05:11:27,2025-06-20T21:10:44,15.99,Partially cloudy,Partly cloudy throughout the day.,0,1,0,0,1,0
2025-06-21,6,Jun,172,55.4,55.4,0.165,98.5,8.0,5,12.8,2025-06-21T05:11:40,2025-06-21T21:10:56,15.99,"Rain, Overcast",Cloudy skies throughout the day with morning rain.,1,1,0,0,1,0
2025-06-22,6,Jun,173,60.7,60.7,0.007,93.2,14.5,10,8.0,2025-06-22T05:11:55,2025-06-22T21:11:05,15.99,Overcast,Cloudy skies throughout the day.,0,1,0,0,0,0
2025-06-23,6,Jun,174,64.6,64.6,0.0,30.9,26.3,9,8.0,2025-06-23T05:12:13,2025-06-23T21:11:11,15.98,Partially cloudy,Partly cloudy throughout the day.,0,0,0,0,0,0
2025-06-24,6,Jun,175,66.2,66.2,0.0,32.6,24.5,9,8.4,2025-06-24T05:12:33,2025-06-24T21:11:15,15.98,Partially cloudy,Partly cloudy throughout the day.,0,0,0,0,0,0
2025-06-25,6,Jun,176,62.8,62.8,0.0,78.0,10.2,5,11.0,2025-06-25T05:12:56,2025-06-25T21:11:17,15.97,Partially cloudy,Partly cloudy throughout the day.,0,1,0,0,1,0
2025-06-26,6,Jun,177,60.8,60.8,0.04,93.0,13.2,9,10.7,2025-06-26T05:13:20,2025-06-26T21:11:15,15.97,"Rain, Overcast",Cloudy skies throughout the day with late afternoon rain.,0,1,0,0,1,0
2025-06-27,6,Jun,178,61.5,61.5,0.0,98.8,11.9,7,9.5,2025-06-27T05:13:47,2025-06-27T21:11:11,15.96,Overcast,Cloudy skies throughout the day.,0,1,0,0,0,0
2025-06-28,6,Jun,179,64.0,64.0,0.0,67.6,18.7,8,9.2,2025-06-28T05:14:17,2025-06-28T21:11:05,15.95,Partially cloudy,Partly cloudy throughout the day.,0,0,0,0,0,0
2025-06-29,6,Jun,180,67.8,67.8,0.0,0.5,28.8,9,11.3,2025-06-29T05:14:48,2025-06-29T21:10:56,15.94,Clear,Clear conditions throughout the day.,0,0,0,0,1,0
2025-06-30,6,Jun,181,73.7,73.3,0.0,4.2,28.4,9,12.2,2025-06-30T05:15:22,2025-06-30T21:10:44,15.92,Clear,Clear conditions throughout the day.,0,0,0,0,1,0
2025-07-01,7,Jul,182,73.1,72.7,0.0,7.3,28.7,9,12.8,2025-07-01T05:15:58,2025-07-01T21:10:30,15.91,Clear,Clear conditions throughout the day.,0,0,0,0,1,0
2025-07-02,7,Jul,183,65.3,65.3,0.0,42.1,24.6,9,9.9,2025-07-02T05:16:36,2025-07-02T21:10:13,15.89,Partially cloudy,Partly cloudy throughout the day.,0,0,0,0,0,0
2025-07-03,7,Jul,184,62.2,62.2,0.0,62.4,21.8,10,9.2,2025-07-03T05:17:16,2025-07-03T21:09:53,15.88,Partially cloudy,Partly cloudy throughout the day.,0,0,0,0,0,0
2025-07-04,7,Jul,185,64.6,64.6,0.0,40.9,23.1,8,7.4,2025-07-04T05:17:58,2025-07-04T21:09:31,15.86,Partially cloudy,Partly cloudy throughout the day.,0,0,0,0,0,0
2025-07-05,7,Jul,186,64.2,64.2,0.0,50.4,23.9,9,15.0,2025-07-05T05:18:42,2025-07-05T21:09:06,15.84,Partially cloudy,Clearing in the afternoon.,0,0,0,0,1,0
2025-07-06,7,Jul,187,67.2,67.2,0.0,21.4,27.6,9,13.1,2025-07-06T05:19:27,2025-07-06T21:08:39,15.82,Partially cloudy,Partly cloudy throughout the day.,0,0,0,0,1,0
2025-07-07,7,Jul,188,71.2,71.0,0.0,6.8,28.2,9,12.2,2025-07-07T05:20:15,2025-07-07T21:08:09,15.8,Clear,Clear conditions throughout the day.,0,0,0,0,1,0
2025-07-08,7,Jul,189,71.9,71.7,0.0,10.5,26.4,9,8.4,2025-07-08T05:21:05,2025-07-08T21:07:36,15.78,Clear,Clear conditions throughout the day.,0,0,0,0,0,0
2025-07-09,7,Jul,190,65.9,65.9,0.0,80.9,7.1,5,13.6,2025-07-09T05:21:56,2025-07-09T21:07:01,15.75,Partially cloudy,Partly cloudy throughout the day.,0,1,0,0,1,0
2025-07-10,7,Jul,191,64.1,64.1,0.0,75.7,18.6,7,9.4,2025-07-10T05:22:48,2025-07-10T21:06:24,15.73,Partially cloudy,Partly cloudy throughout the day.,0,1,0,0,0,0
2025-07-11,7,Jul,192,70.4,70.1,0.0,12.1,27.9,9,9.5,2025-07-11T05:23:43,2025-07-11T21:05:44,15.7,Clear,Clear conditions throughout the day.,0,0,0,0,0,0
2025-07-12,7,Jul,193,72.7,72.7,0.0,18.0,27.7,9,10.9,2025-07-12T05:24:39,2025-07-12T21:05:01,15.67,Clear,Clear conditions throughout the day.,0,0,0,0,1,0
2025-07-13,7,Jul,194,75.0,74.8,0.0,10.0,26.8,9,13.9,2025-07-13T05:25:36,2025-07-13T21:04:17,15.64,Clear,Clear conditions throughout the day.,0,0,0,0,1,0
2025-07-14,7,Jul,195,70.3,70.3,0.0,28.8,23.9,10,10.2,2025-07-14T05:26:35,2025-07-14T21:03:29,15.62,Partially cloudy,Becoming cloudy in the afternoon.,0,0,0,0,1,0
2025-07-15,7,Jul,196,73.5,73.0,0.0,3.5,27.6,9,12.1,2025-07-15T05:27:36,2025-07-15T21:02:40,15.58,Clear,Clear conditions throughout the day.,0,0,0,0,1,0
2025-07-16,7,Jul,197,79.5,78.4,0.0,2.5,27.2,9,9.6,2025-07-16T05:28:37,2025-07-16T21:01:48,15.55,Clear,Clear conditions throughout the day.,0,0,0,0,0,0
2025-07-17,7,Jul,198,71.2,71.0,0.0,3.0,27.1,9,9.2,2025-07-17T05:29:40,2025-07-17T21:00:54,15.52,Clear,Clear conditions throughout the day.,0,0,0,0,0,0
2025-07-18,7,Jul,199,65.5,65.5,0.0,36.6,15.7,6,10.5,2025-07-18T05:30:44,2025-07-18T20:59:57,15.49,Partially cloudy,Partly cloudy throughout the day.,0,0,0,0,1,0
2025-07-19,7,Jul,200,61.8,61.8,0.0,63.9,16.8,8,11.2,2025-07-19T05:31:50,2025-07-19T20:58:59,15.45,Partially cloudy,Partly cloudy throughout the day.,0,0,0,0,1,0
2025-07-20,7,Jul,201,60.9,60.9,0.0,47.0,18.8,6,6.7,2025-07-20T05:32:56,2025-07-20T20:57:58,15.42,Partially cloudy,Partly cloudy throughout the day.,0,0,0,0,0,0
2025-07-21,7,Jul,202,66.0,66.0,0.0,47.8,24.7,9,8.9,2025-07-21T05:34:04,2025-07-21T20:56:55,15.38,Partially cloudy,Clearing in the afternoon.,0,0,0,0,0,0
2025-07-22,7,Jul,203,66.1,66.1,0.0,48.5,22.5,9,10.7,2025-07-22T05:35:12,2025-07-22T20:55:50,15.34,Partially cloudy,Clearing in the afternoon.,0,0,0,0,1,0
2025-07-23,7,Jul,204,70.0,69.9,0.0,4.2,26.2,9,8.0,2025-07-23T05:36:21,2025-07-23T20:54:42,15.31,Clear,Clear conditions throughout the day.,0,0,0,0,0,0
2025-07-24,7,Jul,205,65.8,65.8,0.0,21.7,23.7,9,10.4,2025-07-24T05:37:32,2025-07-24T20:53:33,15.27,Partially cloudy,Clearing in the afternoon.,0,0,0,0,1,0
2025-07-25,7,Jul,206,61.6,61.6,0.002,65.9,14.2,7,8.9,2025-07-25T05:38:43,2025-07-25T20:52:22,15.23,Partially cloudy,Partly cloudy throughout the day.,0,0,0,0,0,0
2025-07-26,7,Jul,207,62.4,62.4,0.0,56.8,17.4,9,8.5,2025-07-26T05:39:55,2025-07-26T20:51:09,15.19,Partially cloudy,Partly cloudy throughout the day.,0,0,0,0,0,0
2025-07-27,7,Jul,208,65.4,65.4,0.0,38.5,21.9,9,6.3,2025-07-27T05:41:08,2025-07-27T20:49:54,15.15,Partially cloudy,Clearing in the afternoon.,0,0,0,0,0,0
2025-07-28,7,Jul,209,67.7,67.6,0.0,5.6,26.0,9,7.6,2025-07-28T05:42:21,2025-07-28T20:48:37,15.1,Clear,Clear conditions throughout the day.,0,0,0,0,0,0
2025-07-29,7,Jul,210,70.8,70.5,0.0,4.0,26.3,9,9.9,2025-07-29T05:43:35,2025-07-29T20:47:18,15.06,Clear,Clear conditions throughout the day.,0,0,0,0,0,0
2025-07-30,7,Jul,211,72.3,72.1,0.0,13.8,24.9,9,9.4,2025-07-30T05:44:50,2025-07-30T20:45:57,15.02,Clear,Clear conditions throughout the day.,0,0,0,0,0,0
2025-07-31,7,Jul,212,72.0,72.0,0.0,19.8,22.2,10,6.5,2025-07-31T05:46:05,2025-07-31T20:44:35,14.98,Clear,Clear conditions throughout the day.,0,0,0,0,0,0
2025-08-01,8,Aug,213,68.0,68.0,0.0,36.9,22.9,9,7.2,2025-08-01T05:47:21,2025-08-01T20:43:10,14.93,Partially cloudy,Partly cloudy throughout the day.,0,0,0,0,0,0
2025-08-02,8,Aug,214,65.0,65.0,0.0,50.7,13.7,6,7.9,2025-08-02T05:48:38,2025-08-02T20:41:45,14.89,Partially cloudy,Partly cloudy throughout the day.,0,0,0,0,0,0
2025-08-03,8,Aug,215,64.1,64.1,0.0,83.9,15.6,8,6.7,2025-08-03T05:49:54,2025-08-03T20:40:17,14.84,Partially cloudy,Partly cloudy throughout the day.,0,1,0,0,0,0
2025-08-04,8,Aug,216,64.8,64.8,0.0,89.8,17.7,8,8.5,2025-08-04T05:51:12,2025-08-04T20:38:48,14.79,Partially cloudy,Partly cloudy throughout the day.,0,1,0,0,0,0
2025-08-05,8,Aug,217,67.6,67.6,0.0,44.7,22.6,9,10.0,2025-08-05T05:52:29,2025-08-05T20:37:17,14.75,Partially cloudy,Becoming cloudy in the afternoon.,0,0,0,0,1,0
2025-08-06,8,Aug,218,66.3,66.3,0.044,92.8,14.2,8,14.0,2025-08-06T05:53:47,2025-08-06T20:35:45,14.7,"Rain, Overcast",Cloudy skies throughout the day with morning rain.,0,1,0,0,1,0
2025-08-07,8,Aug,219,63.1,63.1,0.01,74.5,17.4,9,9.1,2025-08-07T05:55:06,2025-08-07T20:34:12,14.65,"Rain, Partially cloudy",Partly cloudy throughout the day with morning rain.,0,0,0,0,0,0
2025-08-08,8,Aug,220,65.8,65.8,0.0,17.5,22.1,8,8.9,2025-08-08T05:56:24,2025-08-08T20:32:36,14.6,Clear,Clear conditions throughout the day.,0,0,0,0,0,0
2025-08-09,8,Aug,221,69.5,69.5,0.0,16.5,23.1,9,10.3,2025-08-09T05:57:43,2025-08-09T20:31:00,14.55,Clear,Clear conditions throughout the day.,0,0,0,0,1,0
2025-08-10,8,Aug,222,75.5,75.1,0.0,1.9,24.1,8,10.4,2025-08-10T05:59:02,2025-08-10T20:29:22,14.51,Clear,Clear conditions throughout the day.,0,0,0,0,1,0
2025-08-11,8,Aug,223,77.4,77.3,0.0,2.4,23.0,8,12.6,2025-08-11T06:00:21,2025-08-11T20:27:43,14.46,Clear,Clear conditions throughout the day.,0,0,0,0,1,0
2025-08-12,8,Aug,224,79.4,79.0,0.0,6.2,24.0,8,10.2,2025-08-12T06:01:41,2025-08-12T20:26:03,14.41,Clear,Clear conditions throughout the day.,0,0,0,0,1,0
2025-08-13,8,Aug,225,70.4,70.4,0.0,58.0,16.9,8,10.6,2025-08-13T06:03:01,2025-08-13T20:24:21,14.36,Partially cloudy,Partly cloudy throughout the day.,0,0,0,0,1,0
2025-08-14,8,Aug,226,66.7,66.7,0.031,79.4,15.2,8,11.2,2025-08-14T06:04:20,2025-08-14T20:22:38,14.3,"Rain, Partially cloudy",Partly cloudy throughout the day with late afternoon rain.,0,1,0,0,1,0
2025-08-15,8,Aug,227,65.7,65.7,0.446,100.0,5.0,3,14.2,2025-08-15T06:05:40,2025-08-15T20:20:54,14.25,"Rain, Overcast",Cloudy skies throughout the day with a chance of rain throughout the day.,1,1,0,0,1,0
2025-08-16,8,Aug,228,67.2,67.2,0.094,78.1,21.5,9,13.6,2025-08-16T06:07:00,2025-08-16T20:19:09,14.2,"Rain, Partially cloudy",Partly cloudy throughout the day with early morning rain.,1,1,0,0,1,0
2025-08-17,8,Aug,229,67.6,67.6,0.0,89.0,18.0,8,7.7,2025-08-17T06:08:21,2025-08-17T20:17:23,14.15,Partially cloudy,Partly cloudy throughout the day.,0,1,0,0,0,0
2025-08-18,8,Aug,230,67.8,67.8,0.0,59.7,17.1,7,9.4,2025-08-18T06:09:41,2025-08-18T20:15:35,14.1,Partially cloudy,Partly cloudy throughout the day.,0,0,0,0,0,0
2025-08-19,8,Aug,231,67.6,67.6,0.0,43.6,16.5,10,8.8,2025-08-19T06:11:01,2025-08-19T20:13:47,14.05,Partially cloudy,Partly cloudy throughout the day.,0,0,0,0,0,0
2025-08-20,8,Aug,232,67.5,67.5,0.0,48.9,23.0,8,9.1,2025-08-20T06:12:21,2025-08-20T20:11:58,13.99,Partially cloudy,Clearing in the afternoon.,0,0,0,0,0,0
2025-08-21,8,Aug,233,66.7,66.7,0.0,3.1,23.7,8,12.0,2025-08-21T06:13:42,2025-08-21T20:10:07,13.94,Clear,Clear conditions throughout the day.,0,0,0,0,1,0
2025-08-22,8,Aug,234,72.7,72.4,0.0,0.0,23.3,8,10.4,2025-08-22T06:15:02,2025-08-22T20:08:16,13.89,Clear,Clear conditions throughout the day.,0,0,0,0,1,0
2025-08-23,8,Aug,235,75.6,75.0,0.0,13.2,20.2,8,9.3,2025-08-23T06:16:22,2025-08-23T20:06:24,13.83,Clear,Clear conditions throughout the day.,0,0,0,0,0,0
2025-08-24,8,Aug,236,76.2,75.5,0.0,12.0,21.6,8,8.4,2025-08-24T06:17:43,2025-08-24T20:04:31,13.78,Clear,Clear conditions throughout the day.,0,0,0,0,0,0
2025-08-25,8,Aug,237,75.8,75.2,0.0,16.8,21.8,8,9.7,2025-08-25T06:19:03,2025-08-25T20:02:38,13.73,Clear,Clear conditions throughout the day.,0,0,0,0,0,0
2025-08-26,8,Aug,238,74.5,74.2,0.0,18.1,21.2,8,9.5,2025-08-26T06:20:24,2025-08-26T20:00:43,13.67,Clear,Clear conditions throughout the day.,0,0,0,0,0,0
2025-08-27,8,Aug,239,69.9,69.9,0.0,29.2,11.4,8,8.3,2025-08-27T06:21:44,2025-08-27T19:58:48,13.62,Partially cloudy,Partly cloudy throughout the day.,0,0,0,0,0,0
2025-08-28,8,Aug,240,71.3,71.4,0.0,34.6,19.6,7,8.0,2025-08-28T06:23:05,2025-08-28T19:56:52,13.56,Partially cloudy,Partly cloudy throughout the day.,0,0,0,0,0,0
2025-08-29,8,Aug,241,67.7,67.7,0.0,44.9,11.3,5,6.9,2025-08-29T06:24:25,2025-08-29T19:54:55,13.51,Partially cloudy,Partly cloudy throughout the day.,0,0,0,0,0,0
2025-08-30,8,Aug,242,64.0,64.0,0.0,63.3,8.2,3,9.6,2025-08-30T06:25:45,2025-08-30T19:52:58,13.45,Partially cloudy,Partly cloudy throughout the day.,0,0,0,0,0,0
2025-08-31,8,Aug,243,66.1,66.1,0.0,34.1,16.0,8,6.4,2025-08-31T06:27:06,2025-08-31T19:51:00,13.4,Partially cloudy,Partly cloudy throughout the day.,0,0,0,0,0,0
2025-09-01,9,Sep,244,64.9,64.9,0.0,69.1,12.0,6,6.8,2025-09-01T06:28:26,2025-09-01T19:49:02,13.34,Partially cloudy,Partly cloudy throughout the day.,0,0,0,0,0,0
2025-09-02,9,Sep,245,67.2,67.2,0.0,44.6,16.9,7,7.7,2025-09-02T06:29:46,2025-09-02T19:47:03,13.29,Partially cloudy,Partly cloudy throughout the day.,0,0,0,0,0,0
2025-09-03,9,Sep,246,70.8,70.9,0.0,12.0,19.6,7,9.6,2025-09-03T06:31:07,2025-09-03T19:45:04,13.23,Clear,Clear conditions throughout the day.,0,0,0,0,0,0
2025-09-04,9,Sep,247,68.0,68.0,0.0,32.1,12.1,5,8.3,2025-09-04T06:32:27,2025-09-04T19:43:04,13.18,Partially cloudy,Partly cloudy throughout the day.,0,0,0,0,0,0
2025-09-05,9,Sep,248,67.9,67.9,0.0,22.8,16.8,7,6.5,2025-09-05T06:33:47,2025-09-05T19:41:03,13.12,Partially cloudy,Clearing in the afternoon.,0,0,0,0,0,0
2025-09-06,9,Sep,249,65.1,65.1,0.005,62.2,8.1,7,8.1,2025-09-06T06:35:08,2025-09-06T19:39:02,13.06,Partially cloudy,Partly cloudy throughout the day.,0,0,0,0,0,0
2025-09-07,9,Sep,250,65.2,65.2,0.014,93.5,13.2,8,8.4,2025-09-07T06:36:28,2025-09-07T19:37:01,13.01,Overcast,Cloudy skies throughout the day.,0,1,0,0,0,0
2025-09-08,9,Sep,251,66.5,66.5,0.0,60.7,14.1,7,6.6,2025-09-08T06:37:48,2025-09-08T19:35:00,12.95,Partially cloudy,Partly cloudy throughout the day.,0,0,0,0,0,0
2025-09-09,9,Sep,252,64.4,64.4,0.0,36.0,11.6,8,6.0,2025-09-09T06:39:09,2025-09-09T19:32:58,12.9,Partially cloudy,Partly cloudy throughout the day.,0,0,0,0,0,0
2025-09-10,9,Sep,253,65.4,65.4,0.0,15.0,18.7,7,8.1,2025-09-10T06:40:29,2025-09-10T19:30:56,12.84,Clear,Clear conditions throughout the day.,0,0,0,0,0,0
2025-09-11,9,Sep,254,61.5,61.5,0.0,66.1,9.3,5,8.3,2025-09-11T06:41:49,2025-09-11T19:28:53,12.78,Partially cloudy,Partly cloudy throughout the day.,0,0,0,0,0,0
2025-09-12,9,Sep,255,64.3,64.3,0.0,80.7,13.3,6,5.7,2025-09-12T06:43:10,2025-09-12T19:26:51,12.73,Partially cloudy,Partly cloudy throughout the day.,0,1,0,0,0,0
2025-09-13,9,Sep,256,66.8,66.8,0.0,31.6,18.7,7,8.5,2025-09-13T06:44:30,2025-09-13T19:24:48,12.67,Partially cloudy,Clearing in the afternoon.,0,0,0,0,0,0
2025-09-14,9,Sep,257,63.6,63.6,0.0,81.3,3.1,2,15.3,2025-09-14T06:45:51,2025-09-14T19:22:45,12.62,Partially cloudy,Partly cloudy throughout the day.,0,1,0,0,1,0
2025-09-15,9,Sep,258,61.7,61.7,0.0,34.8,15.5,7,11.3,2025-09-15T06:47:11,2025-09-15T19:20:42,12.56,Partially cloudy,Clearing in the afternoon.,0,0,0,0,1,0
2025-09-16,9,Sep,259,72.5,71.7,0.0,0.0,18.4,7,11.5,2025-09-16T06:48:32,2025-09-16T19:18:38,12.5,Clear,Clear conditions throughout the day.,0,0,0,0,1,0
2025-09-17,9,Sep,260,69.1,69.1,0.0,2.5,17.7,7,9.8,2025-09-17T06:49:53,2025-09-17T19:16:35,12.44,Clear,Clear conditions throughout the day.,0,0,0,0,0,0
2025-09-18,9,Sep,261,63.4,63.4,0.0,9.8,17.9,7,9.9,2025-09-18T06:51:14,2025-09-18T19:14:31,12.39,Clear,Clear conditions throughout the day.,0,0,0,0,0,0
2025-09-19,9,Sep,262,62.9,62.9,0.0,5.0,17.7,7,10.5,2025-09-19T06:52:35,2025-09-19T19:12:28,12.33,Clear,Clear conditions throughout the day.,0,0,0,0,1,0
2025-09-20,9,Sep,263,62.8,62.8,0.0,13.5,16.8,7,10.3,2025-09-20T06:53:56,2025-09-20T19:10:24,12.27,Clear,Clear conditions throughout the day.,0,0,0,0,1,0
2025-09-21,9,Sep,264,61.9,61.9,0.335,88.0,8.7,6,11.1,2025-09-21T06:55:17,2025-09-21T19:08:21,12.22,"Rain, Partially cloudy",Partly cloudy throughout the day with rain clearing later.,1,1,0,0,1,0
2025-09-22,9,Sep,265,61.2,61.2,0.0,11.7,17.0,7,7.6,2025-09-22T06:56:38,2025-09-22T19:06:18,12.16,Clear,Clear conditions throughout the day.,0,0,0,0,0,0
2025-09-23,9,Sep,266,63.2,63.2,0.0,2.1,15.9,6,10.1,2025-09-23T06:58:00,2025-09-23T19:04:14,12.1,Clear,Clear conditions throughout the day.,0,0,0,0,1,0
2025-09-24,9,Sep,267,63.3,63.3,0.0,1.4,16.2,6,10.0,2025-09-24T06:59:21,2025-09-24T19:02:11,12.05,Clear,Clear conditions throughout the day.,0,0,0,0,1,0
2025-09-25,9,Sep,268,58.8,58.8,0.0,46.9,13.3,6,8.3,2025-09-25T07:00:43,2025-09-25T19:00:08,11.99,Partially cloudy,Partly cloudy throughout the day.,0,0,0,0,0,0
2025-09-26,9,Sep,269,60.5,60.5,0.0,50.3,11.1,6,8.5,2025-09-26T07:02:05,2025-09-26T18:58:05,11.93,Partially cloudy,Partly cloudy throughout the day.,0,0,0,0,0,0
2025-09-27,9,Sep,270,64.2,64.2,0.0,38.9,11.6,6,8.2,2025-09-27T07:03:27,2025-09-27T18:56:02,11.88,Partially cloudy,Partly cloudy throughout the day.,0,0,0,0,0,0
2025-09-28,9,Sep,271,62.3,62.3,0.0,38.1,13.8,6,12.6,2025-09-28T07:04:49,2025-09-28T18:54:00,11.82,Partially cloudy,Partly cloudy throughout the day.,0,0,0,0,1,0
2025-09-29,9,Sep,272,61.8,61.8,0.118,91.3,4.0,2,7.0,2025-09-29T07:06:12,2025-09-29T18:51:58,11.76,"Rain, Overcast",Cloudy skies throughout the day with rain.,1,1,0,0,0,0
2025-09-30,9,Sep,273,59.8,59.8,0.067,81.3,12.9,9,14.4,2025-09-30T07:07:35,2025-09-30T18:49:56,11.71,"Rain, Partially cloudy",Partly cloudy throughout the day with late afternoon rain.,1,1,0,0,1,0
2025-10-01,10,Oct,274,59.6,59.6,0.272,81.8,10.2,5,15.6,2025-10-01T07:08:58,2025-10-01T18:47:55,11.65,"Rain, Partially cloudy",Partly cloudy throughout the day with rain.,1,1,0,0,1,0
2025-10-02,10,Oct,275,61.0,61.0,0.0,72.7,14.6,6,7.7,2025-10-02T07:10:21,2025-10-02T18:45:53,11.59,Partially cloudy,Partly cloudy throughout the day.,0,0,0,0,0,0
2025-10-03,10,Oct,276,57.4,57.4,0.0,65.1,8.6,6,5.7,2025-10-03T07:11:44,2025-10-03T18:43:53,11.54,Partially cloudy,Partly cloudy throughout the day.,0,0,0,0,0,0
2025-10-04,10,Oct,277,59.3,59.3,0.0,85.4,11.0,7,7.8,2025-10-04T07:13:08,2025-10-04T18:41:52,11.48,Partially cloudy,Partly cloudy throughout the day.,0,1,0,0,0,0
2025-10-05,10,Oct,278,57.4,57.4,0.0,43.7,14.5,6,9.2,2025-10-05T07:14:32,2025-10-05T18:39:52,11.42,Partially cloudy,Partly cloudy throughout the day.,0,0,0,0,0,0
2025-10-06,10,Oct,279,56.9,56.9,0.0,9.8,13.9,6,8.5,2025-10-06T07:15:56,2025-10-06T18:37:53,11.37,Clear,Clear conditions throughout the day.,0,0,0,0,0,0
2025-10-07,10,Oct,280,59.4,59.3,0.0,5.6,14.0,6,8.1,2025-10-07T07:17:20,2025-10-07T18:35:54,11.31,Clear,Clear conditions throughout the day.,0,0,0,0,0,0
2025-10-08,10,Oct,281,56.4,56.4,0.0,56.9,11.8,6,9.7,2025-10-08T07:18:45,2025-10-08T18:33:56,11.25,Partially cloudy,Partly cloudy throughout the day.,0,0,0,0,0,0
2025-10-09,10,Oct,282,56.2,56.2,0.025,60.9,8.1,6,6.9,2025-10-09T07:20:10,2025-10-09T18:31:58,11.2,"Rain, Partially cloudy",Clearing in the afternoon with early morning rain.,0,0,0,0,0,0
2025-10-10,10,Oct,283,56.2,56.2,0.012,76.3,5.6,5,9.1,2025-10-10T07:21:36,2025-10-10T18:30:01,11.14,"Rain, Partially cloudy",Partly cloudy throughout the day with morning rain.,0,1,0,0,0,0
2025-10-11,10,Oct,284,54.4,54.4,0.005,90.7,4.6,2,11.8,2025-10-11T07:23:01,2025-10-11T18:28:05,11.08,Overcast,Cloudy skies throughout the day.,0,1,0,0,1,0
2025-10-12,10,Oct,285,51.6,51.6,0.071,90.7,7.8,7,14.4,2025-10-12T07:24:27,2025-10-12T18:26:09,11.03,"Rain, Overcast",Cloudy skies throughout the day with late afternoon rain.,1,1,0,0,1,0
2025-10-13,10,Oct,286,50.6,49.6,0.0,25.5,13.0,6,16.9,2025-10-13T07:25:53,2025-10-13T18:24:14,10.97,Partially cloudy,Partly cloudy throughout the day.,0,0,0,0,1,0
2025-10-14,10,Oct,287,50.8,49.9,0.0,0.5,13.1,6,11.8,2025-10-14T07:27:20,2025-10-14T18:22:20,10.92,Clear,Clear conditions throughout the day.,0,0,0,0,1,0
2025-10-15,10,Oct,288,48.7,48.6,0.0,6.8,10.9,6,5.5,2025-10-15T07:28:47,2025-10-15T18:20:27,10.86,Clear,Clear conditions throughout the day.,0,0,0,0,0,0
2025-10-16,10,Oct,289,50.0,48.6,0.0,41.6,7.7,5,8.9,2025-10-16T07:30:14,2025-10-16T18:18:34,10.81,Partially cloudy,Becoming cloudy in the afternoon.,0,0,0,0,0,0
2025-10-17,10,Oct,290,54.9,54.9,0.071,80.7,7.4,6,10.0,2025-10-17T07:31:41,2025-10-17T18:16:43,10.75,"Rain, Partially cloudy",Partly cloudy throughout the day with morning rain.,1,1,0,0,1,0
2025-10-18,10,Oct,291,50.6,49.8,0.109,77.4,2.3,2,8.9,2025-10-18T07:33:09,2025-10-18T18:14:52,10.7,"Rain, Partially cloudy",Partly cloudy throughout the day with rain.,1,1,0,1,0,0
2025-10-19,10,Oct,292,54.6,54.6,0.229,85.1,6.7,6,17.4,2025-10-19T07:34:37,2025-10-19T18:13:02,10.64,"Rain, Partially cloudy",Partly cloudy throughout the day with rain clearing later.,1,1,0,0,1,0
2025-10-20,10,Oct,293,53.9,53.9,0.006,85.6,5.9,5,8.6,2025-10-20T07:36:06,2025-10-20T18:11:14,10.59,Partially cloudy,Partly cloudy throughout the day.,0,1,0,0,0,0
2025-10-21,10,Oct,294,51.3,50.8,0.0,15.4,10.8,5,6.9,2025-10-21T07:37:34,2025-10-21T18:09:26,10.53,Clear,Clear conditions throughout the day.,0,0,0,0,0,0
2025-10-22,10,Oct,295,52.5,51.7,0.0,63.0,6.8,4,12.1,2025-10-22T07:39:03,2025-10-22T18:07:39,10.48,Partially cloudy,Partly cloudy throughout the day.,0,0,0,0,1,0
2025-10-23,10,Oct,296,56.4,56.4,0.0,68.2,4.3,3,8.6,2025-10-23T07:40:32,2025-10-23T18:05:54,10.42,Partially cloudy,Partly cloudy throughout the day.,0,0,0,0,0,0
2025-10-24,10,Oct,297,52.5,51.6,0.562,79.1,1.0,1,14.7,2025-10-24T07:42:02,2025-10-24T18:04:10,10.37,"Rain, Partially cloudy",Partly cloudy throughout the day with rain.,1,1,0,1,1,0
2025-10-25,10,Oct,298,49.0,47.2,0.306,86.2,2.0,2,27.1,2025-10-25T07:43:32,2025-10-25T18:02:27,10.32,"Rain, Partially cloudy",Partly cloudy throughout the day with rain.,1,1,0,1,1,0
2025-10-26,10,Oct,299,46.9,43.9,0.418,90.0,1.9,2,19.3,2025-10-26T07:45:02,2025-10-26T18:00:45,10.26,"Rain, Partially cloudy",Partly cloudy throughout the day with a chance of rain throughout the day.,1,1,0,1,1,1
2025-10-27,10,Oct,300,47.8,46.4,0.002,65.1,7.9,5,7.5,2025-10-27T07:46:32,2025-10-27T17:59:04,10.21,Partially cloudy,Partly cloudy throughout the day.,0,0,0,0,0,0
2025-10-28,10,Oct,301,48.2,48.1,0.116,77.1,4.0,3,11.4,2025-10-28T07:48:02,2025-10-28T17:57:25,10.16,"Rain, Partially cloudy",Partly cloudy throughout the day with late afternoon rain.,1,1,0,0,1,0
2025-10-29,10,Oct,302,53.7,53.7,0.038,48.5,10.4,5,12.4,2025-10-29T07:49:33,2025-10-29T17:55:47,10.1,"Rain, Partially cloudy",Partly cloudy throughout the day with early morning rain.,0,0,0,0,1,0
2025-10-30,10,Oct,303,46.6,45.0,0.0,24.6,3.7,2,8.8,2025-10-30T07:51:04,2025-10-30T17:54:11,10.05,Partially cloudy,Partly cloudy throughout the day.,0,0,0,0,0,1
2025-10-31,10,Oct,304,48.2,46.7,0.404,64.1,2.8,3,8.2,2025-10-31T07:52:35,2025-10-31T17:52:36,10.0,"Rain, Partially cloudy",Partly cloudy throughout the day with rain.,1,0,0,1,0,0
2025-11-01,11,Nov,305,55.7,55.7,0.603,84.2,1.4,1,14.2,2025-11-01T07:54:06,2025-11-01T17:51:02,9.95,"Rain, Partially cloudy",Partly cloudy throughout the day with rain clearing later.,1,1,0,1,1,0
2025-11-02,11,Nov,306,50.6,49.7,0.0,55.7,9.1,5,11.3,2025-11-02T06:55:37,2025-11-02T16:49:30,9.9,Partially cloudy,Partly cloudy throughout the day.,0,0,0,0,1,0
2025-11-03,11,Nov,307,47.0,45.3,0.022,76.8,2.1,1,11.1,2025-11-03T06:57:08,2025-11-03T16:48:00,9.85,Partially cloudy,Partly cloudy throughout the day.,0,1,0,1,1,0
2025-11-04,11,Nov,308,50.4,50.2,0.0,76.5,4.4,3,14.3,2025-11-04T06:58:39,2025-11-04T16:46:31,9.8,Partially cloudy,Partly cloudy throughout the day.,0,1,0,0,1,0
2025-11-05,11,Nov,309,55.1,55.1,0.535,96.0,1.3,1,14.3,2025-11-05T07:00:11,2025-11-05T16:45:04,9.75,"Rain, Overcast",Cloudy skies throughout the day with a chance of rain throughout the day.,1,1,0,1,1,0
2025-11-06,11,Nov,310,53.0,53.0,0.522,93.5,1.6,1,19.0,2025-11-06T07:01:42,2025-11-06T16:43:39,9.7,"Rain, Overcast",Cloudy skies throughout the day with a chance of rain throughout the day.,1,1,0,1,1,0
2025-11-07,11,Nov,311,50.4,48.3,0.0,63.4,7.1,4,14.6,2025-11-07T07:03:13,2025-11-07T16:42:15,9.65,Partially cloudy,Partly cloudy throughout the day.,0,0,0,0,1,0
2025-11-08,11,Nov,312,47.9,47.8,0.0,28.4,6.9,4,5.9,2025-11-08T07:04:44,2025-11-08T16:40:53,9.6,Partially cloudy,Partly cloudy throughout the day.,0,0,0,0,0,0
2025-11-09,11,Nov,313,53.0,52.7,0.0,25.3,7.4,4,9.9,2025-11-09T07:06:15,2025-11-09T16:39:34,9.56,Partially cloudy,Partly cloudy throughout the day.,0,0,0,0,0,0
2025-11-10,11,Nov,314,55.9,55.9,0.005,89.9,3.9,3,10.7,2025-11-10T07:07:46,2025-11-10T16:38:16,9.51,Partially cloudy,Partly cloudy throughout the day.,0,1,0,0,1,0
2025-11-11,11,Nov,315,49.4,49.2,0.0,41.3,7.1,4,7.5,2025-11-11T07:09:17,2025-11-11T16:37:00,9.46,Partially cloudy,Partly cloudy throughout the day.,0,0,1,0,0,0
2025-11-12,11,Nov,316,51.0,51.0,0.051,85.1,4.0,3,6.9,2025-11-12T07:10:47,2025-11-12T16:35:46,9.42,"Rain, Partially cloudy",Partly cloudy throughout the day with rain.,1,1,1,0,0,0
2025-11-13,11,Nov,317,55.0,55.0,0.281,100.0,1.1,1,12.1,2025-11-13T07:12:17,2025-11-13T16:34:34,9.37,"Rain, Overcast",Cloudy skies throughout the day with a chance of rain throughout the day.,1,1,1,1,1,0
2025-11-14,11,Nov,318,50.6,49.7,0.813,99.6,0.9,1,9.3,2025-11-14T07:13:47,2025-11-14T16:33:24,9.33,"Rain, Overcast",Cloudy skies throughout the day with a chance of rain throughout the day.,1,1,1,1,0,0
2025-11-15,11,Nov,319,55.3,55.3,0.011,98.5,1.4,1,15.6,2025-11-15T07:15:16,2025-11-15T16:32:16,9.28,Overcast,Cloudy skies throughout the day.,0,1,1,1,1,0
2025-11-16,11,Nov,320,53.4,53.4,0.002,97.2,2.2,1,8.6,2025-11-16T07:16:45,2025-11-16T16:31:11,9.24,Overcast,Cloudy skies throughout the day.,0,1,1,1,0,0
2025-11-17,11,Nov,321,48.0,47.0,0.144,98.7,1.4,1,6.7,2025-11-17T07:18:13,2025-11-17T16:30:07,9.2,"Rain, Overcast",Cloudy skies throughout the day with a chance of rain throughout the day.,1,1,1,1,0,0
2025-11-18,11,Nov,322,45.0,43.7,0.0,82.0,2.9,2,6.7,2025-11-18T07:19:41,2025-11-18T16:29:06,9.16,Partially cloudy,Partly cloudy throughout the day.,0,1,1,1,0,1
2025-11-19,11,Nov,323,46.2,45.7,0.0,61.0,6.2,4,9.3,2025-11-19T07:21:08,2025-11-19T16:28:07,9.12,Partially cloudy,Partly cloudy throughout the day.,0,0,1,0,0,0
2025-11-20,11,Nov,324,48.6,47.8,0.014,62.2,6.1,4,6.7,2025-11-20T07:22:34,2025-11-20T16:27:11,9.08,Partially cloudy,Partly cloudy throughout the day.,0,0,1,0,0,0
2025-11-21,11,Nov,325,47.6,45.6,0.0,75.8,2.9,2,10.9,2025-11-21T07:24:00,2025-11-21T16:26:17,9.04,Partially cloudy,Partly cloudy throughout the day.,0,1,1,1,1,0
2025-11-22,11,Nov,326,52.5,52.3,0.0,95.5,1.5,1,11.6,2025-11-22T07:25:24,2025-11-22T16:25:26,9.0,Overcast,Cloudy skies throughout the day.,0,1,1,1,1,0
2025-11-23,11,Nov,327,49.2,48.9,0.197,97.3,2.2,1,11.9,2025-11-23T07:26:48,2025-11-23T16:24:36,8.96,"Rain, Overcast",Cloudy skies throughout the day with rain clearing later.,1,1,1,1,1,0
2025-11-24,11,Nov,328,44.2,41.3,0.042,88.2,1.7,1,11.0,2025-11-24T07:28:11,2025-11-24T16:23:50,8.93,"Rain, Partially cloudy",Partly cloudy throughout the day with rain.,0,1,1,1,1,1
2025-11-25,11,Nov,329,43.0,41.8,0.061,88.8,0.9,1,6.9,2025-11-25T07:29:33,2025-11-25T16:23:06,8.89,"Rain, Partially cloudy",Partly cloudy throughout the day with rain.,1,1,1,1,0,1
2025-11-26,11,Nov,330,47.1,45.8,0.017,99.9,1.3,1,8.4,2025-11-26T07:30:53,2025-11-26T16:22:25,8.86,Overcast,Cloudy skies throughout the day.,0,1,1,1,0,0
2025-11-27,11,Nov,331,48.5,48.1,0.252,99.3,1.7,1,6.5,2025-11-27T07:32:13,2025-11-27T16:21:46,8.83,"Rain, Overcast",Cloudy skies throughout the day with rain.,1,1,1,1,0,0
2025-11-28,11,Nov,332,47.7,46.3,0.0,57.0,5.3,3,8.4,2025-11-28T07:33:31,2025-11-28T16:21:10,8.79,Partially cloudy,Partly cloudy throughout the day.,0,0,1,0,0,0
2025-11-29,11,Nov,333,41.7,41.3,0.0,33.6,2.4,1,5.4,2025-11-29T07:34:48,2025-11-29T16:20:36,8.76,Partially cloudy,Partly cloudy throughout the day.,0,0,1,1,0,1
2025-11-30,11,Nov,334,36.9,36.3,0.0,20.4,5.4,3,6.1,2025-11-30T07:36:04,2025-11-30T16:20:05,8.73,Partially cloudy,Clearing in the afternoon.,0,0,1,0,0,1
2025-12-01,12,Dec,335,40.7,39.9,0.009,81.8,3.3,3,5.2,2025-12-01T07:37:18,2025-12-01T16:19:38,8.71,Partially cloudy,Partly cloudy throughout the day.,0,1,1,0,0,1
2025-12-02,12,Dec,336,45.3,44.1,0.007,97.1,2.7,2,7.3,2025-12-02T07:38:30,2025-12-02T16:19:12,8.68,Overcast,Cloudy skies throughout the day.,0,1,1,1,0,1
2025-12-03,12,Dec,337,45.2,44.6,0.0,98.8,1.9,1,5.4,2025-12-03T07:39:41,2025-12-03T16:18:50,8.65,Overcast,Cloudy skies throughout the day.,0,1,1,1,0,1
2025-12-04,12,Dec,338,44.7,42.0,0.225,96.5,0.5,0,9.3,2025-12-04T07:40:50,2025-12-04T16:18:30,8.63,"Rain, Overcast",Cloudy skies throughout the day with rain.,1,1,1,1,0,1
2025-12-05,12,Dec,339,50.5,49.6,0.03,90.9,1.2,1,20.8,2025-12-05T07:41:58,2025-12-05T16:18:14,8.6,"Rain, Overcast",Cloudy skies throughout the day with early morning rain.,0,1,1,1,1,0
2025-12-06,12,Dec,340,51.0,50.2,0.0,82.8,3.7,3,19.9,2025-12-06T07:43:04,2025-12-06T16:18:00,8.58,Partially cloudy,Partly cloudy throughout the day.,0,1,1,0,1,0
2025-12-07,12,Dec,341,50.7,49.1,0.238,93.1,1.3,1,17.0,2025-12-07T07:44:07,2025-12-07T16:17:49,8.56,"Rain, Overcast",Cloudy skies throughout the day with morning rain.,1,1,1,1,1,0
2025-12-08,12,Dec,342,52.8,51.6,0.692,98.0,0.6,0,20.2,2025-12-08T07:45:09,2025-12-08T16:17:41,8.54,"Rain, Overcast",Cloudy skies throughout the day with rain.,1,1,1,1,1,0
2025-12-09,12,Dec,343,49.2,47.0,0.275,87.6,3.3,4,15.3,2025-12-09T07:46:09,2025-12-09T16:17:36,8.52,"Rain, Partially cloudy",Partly cloudy throughout the day with rain.,1,1,1,0,1,0
2025-12-10,12,Dec,344,56.7,56.7,0.678,100.0,1.4,1,17.4,2025-12-10T07:47:07,2025-12-10T16:17:34,8.51,"Rain, Overcast",Cloudy skies throughout the day with a chance of rain throughout the day.,1,1,1,1,1,0
2025-12-11,12,Dec,345,49.7,49.1,0.357,99.7,1.4,1,14.4,2025-12-11T07:48:02,2025-12-11T16:17:34,8.49,"Rain, Overcast",Cloudy skies throughout the day with rain clearing later.,1,1,1,1,1,0
2025-12-12,12,Dec,346,50.6,50.4,0.008,88.5,1.0,0,7.1,2025-12-12T07:48:56,2025-12-12T16:17:38,8.48,Partially cloudy,Partly cloudy throughout the day.,0,1,1,1,0,0
2025-12-13,12,Dec,347,48.7,47.9,0.0,58.3,4.2,4,6.8,2025-12-13T07:49:47,2025-12-13T16:17:45,8.47,Partially cloudy,Partly cloudy throughout the day.,0,0,1,0,0,0
2025-12-14,12,Dec,348,50.7,49.6,0.017,84.8,1.6,1,9.8,2025-12-14T07:50:36,2025-12-14T16:17:54,8.46,Partially cloudy,Partly cloudy throughout the day.,0,1,1,1,0,0
2025-12-15,12,Dec,349,53.4,53.1,0.819,90.1,1.3,1,16.8,2025-12-15T07:51:22,2025-12-15T16:18:06,8.45,"Rain, Overcast",Cloudy skies throughout the day with rain clearing later.,1,1,1,1,1,0
2025-12-16,12,Dec,350,51.7,50.5,0.838,98.1,0.9,1,16.6,2025-12-16T07:52:06,2025-12-16T16:18:22,8.44,"Rain, Overcast",Cloudy skies throughout the day with a chance of rain throughout the day.,1,1,1,1,1,0
2025-12-17,12,Dec,351,46.4,41.5,0.243,70.1,3.4,3,17.0,2025-12-17T07:52:47,2025-12-17T16:18:40,8.43,"Rain, Partially cloudy",Partly cloudy throughout the day with rain.,1,0,1,0,1,1
2025-12-18,12,Dec,352,45.9,42.3,0.229,89.1,0.7,0,15.9,2025-12-18T07:53:26,2025-12-18T16:19:01,8.43,"Rain, Partially cloudy",Partly cloudy throughout the day with rain clearing later.,1,1,1,1,1,1
2025-12-19,12,Dec,353,41.6,35.9,0.101,74.9,1.9,2,15.6,2025-12-19T07:54:03,2025-12-19T16:19:25,8.42,"Rain, Partially cloudy",Partly cloudy throughout the day with rain.,1,0,1,1,1,1
2025-12-20,12,Dec,354,43.9,38.2,0.296,98.3,1.4,1,14.1,2025-12-20T07:54:36,2025-12-20T16:19:51,8.42,"Rain, Overcast",Cloudy skies throughout the day with rain.,1,1,1,1,1,1
2025-12-21,12,Dec,355,44.9,41.2,0.226,92.3,2.0,2,10.0,2025-12-21T07:55:07,2025-12-21T16:20:21,8.42,"Rain, Overcast",Cloudy skies throughout the day with rain.,1,1,1,1,1,1
2025-12-22,12,Dec,356,44.4,40.5,0.208,72.7,3.4,3,20.5,2025-12-22T07:55:36,2025-12-22T16:20:53,8.42,"Rain, Partially cloudy",Partly cloudy throughout the day with rain.,1,0,1,0,1,1
2025-12-23,12,Dec,357,40.8,39.3,0.008,54.3,2.7,2,6.7,2025-12-23T07:56:01,2025-12-23T16:21:28,8.42,Partially cloudy,Partly cloudy throughout the day.,0,0,1,1,0,1
2025-12-24,12,Dec,358,42.4,38.3,0.059,69.8,1.2,1,15.2,2025-12-24T07:56:24,2025-12-24T16:22:06,8.43,"Rain, Partially cloudy",Partly cloudy throughout the day with rain.,1,0,1,1,1,1
2025-12-25,12,Dec,359,40.7,37.0,0.232,74.0,0.7,0,9.4,2025-12-25T07:56:44,2025-12-25T16:22:46,8.43,"Rain, Partially cloudy",Partly cloudy throughout the day with rain.,1,0,1,1,0,1
2025-12-26,12,Dec,360,40.4,35.3,0.027,77.1,1.1,1,16.0,2025-12-26T07:57:01,2025-12-26T16:23:29,8.44,"Rain, Partially cloudy",Partly cloudy throughout the day with late afternoon rain.,0,1,1,1,1,1
2025-12-27,12,Dec,361,38.4,37.4,0.005,85.7,3.4,4,6.8,2025-12-27T07:57:16,2025-12-27T16:24:14,8.45,Partially cloudy,Partly cloudy throughout the day.,0,1,1,0,0,1
2025-12-28,12,Dec,362,36.9,36.4,0.0,58.4,3.4,2,6.1,2025-12-28T07:57:27,2025-12-28T16:25:02,8.46,Partially cloudy,Partly cloudy throughout the day.,0,0,1,0,0,1
2025-12-29,12,Dec,363,38.7,37.7,0.0,37.6,3.9,2,5.3,2025-12-29T07:57:36,2025-12-29T16:25:52,8.47,Partially cloudy,Partly cloudy throughout the day.,0,0,1,0,0,1
2025-12-30,12,Dec,364,39.0,38.4,0.0,17.1,5.2,4,6.5,2025-12-30T07:57:42,2025-12-30T16:26:45,8.48,Clear,Clear conditions throughout the day.,0,0,1,0,0,1
2025-12-31,12,Dec,365,36.2,35.9,0.0,89.9,3.5,3,4.4,2025-12-31T07:57:44,2025-12-31T16:27:40,8.5,Partially cloudy,Partly cloudy throughout the day.,0,1,1,0,0,1
